case_name,year_initiated,applicable_BIT,arbitral_rules,arbitral_rule_dummy,L_court_indep,L1_court_indep,L_exec_court_comp,L1_exec_court_comp,L_exec_constraint,L1_exec_constraint,is_OECD_inv,no_award_claim,long_lived,post_2014,remedy_limit,provision_limit_ISDS,right_to_reg,respondent_OECD,L_cost_per_claim,L1_cost_per_claim,L_libdem_index,L1_libdem_index,incomeLevel_x
Petroceltic v. Egypt,2019,Egypt - United Kingdom BIT (1975),ICSID(AF),0,NA,-0.010499999999999982,NA,0.30999999999999994,NA,0.4685,1,0,1,1,0,0,0,0,26.2,26.2,NA,0.141,Lower middle income
Abanto v. Venezuela,2018,"Peru - Venezuela, Bolivarian Republic of BIT (1996)",ICSID(AF),0,-2.2805,-2.0335,-2.5309999999999997,-1.81,0.1495,0.2765,0,0,0,1,0,0,0,0,43.7,43.7,0.093,0.125,Upper middle income
Doutremepuich v. Mauritius,2018,France - Mauritius BIT (1973),UNCITRAL,1,0.4335,0.905,1.365,1.4375,0.8220000000000001,0.815,1,0,0,1,0,0,0,0,25,25,0.716,0.714,Upper middle income
Levy and Ramot v. Bulgaria,2018,Bulgaria - Israel BIT (1993),ICSID(AF),0,0.917,1.0675,1.1099999999999999,1.8655,0.847,0.8815,1,0,0,1,0,1,0,0,18.6,18.6,0.499,0.536,Upper middle income
Sunlodges v. Tanzania,2018,Italy - United Republic of Tanzania BIT (2001),UNCITRAL,1,0.223,0.7865,0.6525,1.1085,0.7364999999999999,0.7645,1,0,1,1,0,0,0,0,14.3,14.3,0.382,0.386,Low income
Telefónica v. Colombia,2018,Colombia - Spain BIT (2005),ICSID(AF),0,0.7855000000000001,1.2570000000000001,0.427,0.891,0.6895,0.751,1,0,0,1,0,0,0,0,45.8,45.8,0.475,0.48,Upper middle income
Fynerdale v. Czech Republic,2017,Czech Republic - Netherlands BIT (1991),UNCITRAL,1,1.682,1.7215,1.3559999999999999,1.6695,0.8414999999999999,0.89,1,0,0,1,0,0,0,1,33.8,33.8,0.729,0.758,High income
Gas Natural v. Colombia,2017,Colombia - Spain BIT (2005),UNCITRAL,1,1.2570000000000001,1.083,0.891,1.1684999999999999,0.751,0.779,1,0,0,1,0,0,0,0,45.8,45.8,0.48,0.533,Upper middle income
Mera Investment v. Serbia,2017,Cyprus - Serbia BIT (2005),ICSID(AF),0,-0.2655,-0.163,-0.732,-0.681,0.4605,0.494,0,1,0,1,0,0,0,0,40.8,34,0.293,0.329,Upper middle income
Pey Casado and others v. Chile,2017,Chile - Spain BIT (1991),UNCITRAL,1,2.115,2.1155,2.5505,2.551,0.956,0.9484999999999999,1,0,0,1,0,0,0,1,25.6,25.6,0.812,0.807,High income
Albacora v. Ecuador,2016,Ecuador - Spain BIT (1996),UNCITRAL,1,-1.876,-1.876,-0.8895,-0.8895,0.193,0.193,1,0,1,1,0,0,0,0,27.2,27.2,0.295,0.31,Upper middle income
Glencore International and C.I. Prodeco v. Colombia (I),2016,Colombia - Switzerland BIT (2006),ICSID(AF),0,1.083,0.9155,1.1684999999999999,1.311,0.779,0.7785,1,0,1,1,0,1,0,0,45.8,45.8,0.533,0.5,Upper middle income
Global Telecom Holding v. Canada,2016,Canada - Egypt BIT (1996),ICSID(AF),0,2.2165,2.2345,1.564,1.5659999999999998,0.898,0.9035,0,0,0,1,1,0,1,1,22.3,22.3,0.785,0.793,High income
Kunsttrans v. Serbia,2016,Austria - Serbia BIT (2001),ICSID(AF),0,-0.163,-0.020999999999999998,-0.681,-0.524,0.494,0.509,1,0,0,1,0,0,0,0,34,34,0.329,0.343,Upper middle income
B3 Croatian Courier v. Croatia,2015,Croatia - Netherlands BIT (1998),ICSID(AF),0,0.7795,0.7795,0.9405,0.9405,0.8025,0.7785,1,0,0,1,0,0,0,0,15.2,15.2,0.711,0.685,High income
Belegging-Maatschappij “Far East” v. Austria,2015,Austria - Malta BIT (2002),ICSID(AF),0,1.8865,1.8865,1.538,1.538,0.889,0.889,0,0,0,1,1,0,0,1,20.6,20.4,0.764,0.775,High income
Capital Financial Holdings v. Cameroon,2015,BLEU (Belgium-Luxembourg Economic Union) - Cameroon BIT (1980),ICSID(AF),0,-1.664,-1.664,-1.2565,-1.2565,0.176,0.176,1,0,0,1,0,0,0,0,46.6,46.6,0.16,0.157,Lower middle income
Clorox v. Venezuela,2015,"Spain - Venezuela, Bolivarian Republic of BIT (1995)",UNCITRAL,1,-2.0155000000000003,-1.9945,-2.229,-2.229,0.1195,0.053000000000000005,1,0,1,1,1,0,0,0,43.7,43.7,0.126,0.107,Upper middle income
Cortec Mining v. Kenya,2015,Kenya - United Kingdom BIT (1999),ICSID(AF),0,1.1915,1.1915,0.6405,0.6405,0.7725,0.7725,1,0,1,1,0,0,0,0,41.8,41.8,0.349,0.35,Lower middle income
Dayyani v. Korea,2015,"Iran, Islamic Republic of - Korea, Republic of BIT (1998)",UNCITRAL,1,1.0015,0.6785,1.484,1.2435,0.829,0.7885,0,0,1,1,0,0,0,1,12.7,12.7,0.569,0.58,High income
El Jaouni v. Lebanon,2015,Germany - Lebanon BIT (1997),ICSID(AF),0,0.20550000000000002,0.3845,-0.9524999999999999,-0.7035,0.4155,0.46699999999999997,1,0,0,1,0,0,0,0,30.8,30.8,0.302,0.316,Upper middle income
Hydro and others v. Albania,2015,Albania - Italy BIT (1991),ICSID(AF),0,0.302,0.302,1.525,1.525,0.8175,0.8175,1,0,0,1,0,0,0,0,33.5,34.5,0.43,0.438,Upper middle income
Rawat v. Mauritius,2015,France - Mauritius BIT (1973),UNCITRAL,1,0.4615,0.3805,0.9655,0.8495,0.8049999999999999,0.792,1,0,0,1,0,0,0,0,25,25,0.712,0.69,Upper middle income
Salini Impregilo v. Argentina,2015,Argentina - Italy BIT (1990),ICSID(AF),0,0.6585,0.6585,0.385,0.385,0.6825,0.6835,1,1,0,1,0,0,0,0,22.5,20.5,0.602,0.586,Upper middle income
A11Y v. Czech Republic,2014,Czech Republic - United Kingdom BIT (1990),UNCITRAL,1,1.706,1.9005,1.6405,1.6985000000000001,0.8835,0.8925000000000001,1,0,0,0,0,1,0,1,33.8,33.8,0.754,0.8,High income
Anglo American v. Venezuela,2014,"United Kingdom - Venezuela, Bolivarian Republic of BIT (1995)",ICSID(AF),0,-1.9945,-1.9945,-2.229,-1.9765000000000001,0.053000000000000005,0.0595,1,0,1,0,0,0,0,0,43.7,43.7,0.107,0.126,Upper middle income
Casinos Austria v. Argentina,2014,Argentina - Austria BIT (1992),ICSID(AF),0,0.6585,0.6585,0.385,0.385,0.6835,0.6835,1,0,0,0,0,0,0,0,20.5,18.5,0.586,0.584,Upper middle income
Forminster v. Czech Republic,2014,Cyprus - Czech Republic BIT (2001),UNCITRAL,1,1.706,1.9005,1.6405,1.6985000000000001,0.8835,0.8925000000000001,0,0,0,0,0,0,0,1,33.8,33.8,0.754,0.8,High income
Horthel and others v. Poland,2014,Netherlands - Poland BIT (1992),UNCITRAL,1,2.6174999999999997,2.6075,1.744,1.744,0.915,0.9155,1,0,0,0,0,0,0,1,19.4,19,0.805,0.814,High income
Iberdrola v. Bolivia,2014,"Bolivia, Plurinational State of - Spain BIT (2001)",UNCITRAL,1,-0.16499999999999998,-0.16499999999999998,0.041,0.041,0.46399999999999997,0.46399999999999997,1,1,0,0,0,0,0,0,25,25,0.417,0.42,Lower middle income
Infinito Gold v. Costa Rica,2014,Canada - Costa Rica BIT (1998),ICSID(AF),0,1.6764999999999999,1.6764999999999999,2.7249999999999996,2.7249999999999996,0.944,0.953,1,0,1,0,1,1,1,0,24.3,24.3,0.862,0.865,Upper middle income
Red Eléctrica v. Bolivia,2014,"Bolivia, Plurinational State of - Spain BIT (2001)",UNCITRAL,1,-0.16499999999999998,-0.16499999999999998,0.041,0.041,0.46399999999999997,0.46399999999999997,1,0,0,0,0,0,0,0,25,25,0.417,0.42,Lower middle income
Sodexo Pass v. Hungary,2014,France - Hungary BIT (1986),ICSID(AF),0,0.8604999999999999,0.8899999999999999,1.2605,1.2605,0.7424999999999999,0.7415,1,1,0,0,0,0,0,1,15,15,0.573,0.566,High income
Tallinn v. Estonia,2014,Estonia - Netherlands BIT (1992),ICSID(AF),0,2.181,2.181,1.9865,1.9865,0.9315,0.9315,1,0,0,0,0,0,0,1,21.9,22.3,0.843,0.836,High income
Unión Fenosa v. Egypt,2014,Egypt - Spain BIT (1992),ICSID(AF),0,-0.21650000000000003,-0.21650000000000003,0.07250000000000001,0.07250000000000001,NA,NA,1,0,1,0,0,0,0,0,26.2,26.2,0.083,0.078,Lower middle income
VICAT v. Senegal,2014,France - Senegal BIT (2007),ICSID(AF),0,0.4915,0.4915,1.103,1.103,0.7755000000000001,0.7755000000000001,1,1,1,0,0,0,1,0,36.4,26.5,0.586,0.587,Lower middle income
WNC v. Czech Republic,2014,Czech Republic - United Kingdom BIT (1990),UNCITRAL,1,1.706,1.9005,1.6405,1.6985000000000001,0.8835,0.8925000000000001,1,0,0,0,0,1,0,1,33.8,33.8,0.754,0.8,High income
Zelena v. Serbia,2014,BLEU (Belgium-Luxembourg Economic Union) - Serbia BIT (2004),ICSID(AF),0,0.07850000000000001,0.1625,-0.455,-0.382,0.5305,0.569,1,1,0,0,0,0,1,0,34,31.3,0.363,0.444,Upper middle income
Achmea v. Slovakia (II),2013,Netherlands - Slovakia BIT (1991),UNCITRAL,1,1.307,1.519,1.4485,1.3955000000000002,0.868,0.855,1,0,0,0,0,0,0,1,30.6,30.6,0.729,0.788,High income
Cervin and Rhone v. Costa Rica,2013,Costa Rica - Switzerland BIT (2000),ICSID(AF),0,1.6764999999999999,1.7149999999999999,2.7249999999999996,2.769,0.953,0.952,1,0,0,0,0,0,0,0,24.3,24.3,0.865,0.876,Upper middle income
Edenred v. Hungary,2013,France - Hungary BIT (1986),ICSID(AF),0,0.8899999999999999,1.0150000000000001,1.2605,1.319,0.7415,0.7315,1,1,0,0,0,0,0,1,15,15,0.566,0.604,High income
Houben v. Burundi,2013,BLEU (Belgium-Luxembourg Economic Union) - Burundi BIT (1989),ICSID(AF),0,-1.5955,-0.569,-1.3439999999999999,-0.731,0.2215,0.33599999999999997,1,0,0,0,0,0,0,0,36.1,36.1,0.122,0.174,Low income
Mytilineos v. Serbia (II),2013,Greece - Serbia BIT (1997),UNCITRAL,1,0.1625,0.533,-0.382,0.47800000000000004,0.569,0.7105,1,0,1,0,0,0,0,0,31.3,31.3,0.444,0.498,Upper middle income
UP and C.D Holding v. Hungary,2013,France - Hungary BIT (1986),ICSID(AF),0,0.8899999999999999,1.0150000000000001,1.2605,1.319,0.7415,0.7315,1,0,0,0,0,0,0,1,15,15,0.566,0.604,High income
Valores Mundiales and Consorcio Andino v. Venezuela,2013,"Spain - Venezuela, Bolivarian Republic of BIT (1995)",ICSID(AF),0,-1.9945,-2.0305,-1.9765000000000001,-1.067,0.0595,0.0945,1,1,1,0,1,0,0,0,43.7,43.7,0.126,0.164,Upper middle income
Accession Mezzanine v. Hungary,2012,Hungary - United Kingdom BIT (1987),ICSID(AF),0,1.0150000000000001,1.416,1.319,1.319,0.7315,0.737,1,1,0,0,0,0,0,1,15,15,0.604,0.603,High income
Blue Bank v. Venezuela,2012,"Barbados - Venezuela, Bolivarian Republic of BIT (1994)",ICSID(AF),0,-2.0305,-2.0305,-1.067,-1.067,0.0945,0.0945,0,0,0,0,0,0,0,0,43.7,43.7,0.164,0.175,Upper middle income
Dan Cake v. Hungary,2012,Hungary - Portugal BIT (1992),ICSID(AF),0,1.0150000000000001,1.416,1.319,1.319,0.7315,0.737,1,0,1,0,0,0,0,1,15,15,0.604,0.603,High income
Enkev Beheer v. Poland,2012,Netherlands - Poland BIT (1992),UNCITRAL,1,2.598,2.6825,1.744,1.744,0.9179999999999999,0.9185,1,1,1,0,0,0,0,1,19,19,0.83,0.856,High income
Fabrica de Vidrios v. Venezuela,2012,"Netherlands - Venezuela, Bolivarian Republic of BIT (1991)",ICSID(AF),0,-2.0305,-2.0305,-1.067,-1.067,0.0945,0.0945,1,0,1,0,0,0,1,0,43.7,43.7,0.164,0.175,Upper middle income
García Armas and García Gruber v. Venezuela,2012,"Spain - Venezuela, Bolivarian Republic of BIT (1995)",UNCITRAL,1,-2.0305,-2.0305,-1.067,-1.067,0.0945,0.0945,1,1,1,0,1,0,0,0,43.7,43.7,0.164,0.175,Upper middle income
Gavrilovic v. Croatia,2012,Austria - Croatia BIT (1997),ICSID(AF),0,0.9359999999999999,0.9359999999999999,1.3559999999999999,1.3559999999999999,0.83,0.842,1,0,1,0,0,0,0,0,12.3,12.3,0.733,0.728,High income
IGB v. Spain,2012,"Spain - Venezuela, Bolivarian Republic of BIT (1995)",ICSID(AF),0,1.95,2.0735,2.6715,2.6715,0.883,0.899,0,0,0,0,1,0,0,1,17.2,17.2,0.812,0.828,High income
Maiman and others v. Egypt,2012,Egypt - Poland BIT (1995),UNCITRAL,1,-0.08399999999999999,-0.08299999999999999,0.123,0.774,NA,NA,1,0,0,0,0,0,0,0,26.2,26.2,0.13,0.096,Lower middle income
Orascom v. Algeria,2012,Algeria - BLEU (Belgium-Luxembourg Economic Union) BIT (1991),ICSID(AF),0,-1.4415,-1.6855,-1.043,-1.05,0.21150000000000002,0.1565,1,0,0,0,0,0,0,0,23.8,23.8,0.136,0.136,Upper middle income
Repsol v. Argentina,2012,Argentina - Spain BIT (1991),ICSID(AF),0,0.697,0.697,0.4105,0.4105,0.6935,0.702,1,0,1,0,0,0,0,0,16.5,16.5,0.624,0.611,Upper middle income
Rusoro Mining v. Venezuela,2012,"Canada - Venezuela, Bolivarian Republic of BIT (1996)",ICSID(AF),0,-2.0305,-2.0305,-1.067,-1.067,0.0945,0.0945,1,0,1,0,1,0,1,0,43.7,43.7,0.164,0.175,Upper middle income
Saint-Gobain v. Venezuela,2012,"France - Venezuela, Bolivarian Republic of BIT (2001)",ICSID(AF),0,-2.0305,-2.0305,-1.067,-1.067,0.0945,0.0945,1,0,1,0,0,0,0,0,43.7,43.7,0.164,0.175,Upper middle income
Supervision v. Costa Rica,2012,Costa Rica - Spain BIT (1997),ICSID(AF),0,1.7149999999999999,1.7149999999999999,2.769,2.769,0.952,0.952,1,0,0,0,0,0,0,0,24.3,24.3,0.876,0.869,Upper middle income
Transban v. Venezuela,2012,"Barbados - Venezuela, Bolivarian Republic of BIT (1994)",ICSID(AF),0,-2.0305,-2.0305,-1.067,-1.067,0.0945,0.0945,0,0,0,0,0,0,0,0,43.7,43.7,0.164,0.175,Upper middle income
Valle Verde v. Venezuela,2012,"Spain - Venezuela, Bolivarian Republic of BIT (1995)",ICSID(AF),0,-2.0305,-2.0305,-1.067,-1.067,0.0945,0.0945,1,0,0,0,1,0,0,0,43.7,43.7,0.164,0.175,Upper middle income
Abertis v. Bolivia,2011,"Bolivia, Plurinational State of - Spain BIT (2001)",UNCITRAL,1,-0.6285,-0.6285,0.21550000000000002,0.21550000000000002,0.4465,0.4465,1,0,0,0,0,0,0,0,25,25,0.464,0.467,Lower middle income
Burimi v. Albania,2011,Albania - Italy BIT (1991),ICSID(AF),0,0.4155,0.4155,0.469,0.469,0.752,0.752,1,0,0,0,0,0,0,0,35.7,38.7,0.48,0.48,Upper middle income
Copper Mesa v. Ecuador,2011,Canada - Ecuador BIT (1996),UNCITRAL,1,-1.749,-1.749,-0.5755,-0.5755,0.26,0.26,1,0,1,0,1,0,1,0,27.2,27.2,0.331,0.343,Upper middle income
Crystallex v. Venezuela,2011,"Canada - Venezuela, Bolivarian Republic of BIT (1996)",ICSID(AF),0,-2.0305,-2.0305,-1.067,-1.067,0.0945,0.0945,1,0,1,0,1,0,1,0,43.7,43.7,0.175,0.177,Upper middle income
Fraport v. Philippines (II),2011,Germany - Philippines BIT (1997),ICSID(AF),0,1.125,0.9844999999999999,1.2485,1.165,0.7885,0.7795000000000001,1,0,0,0,0,0,0,0,26,26,0.481,0.435,Lower middle income
Gambrinus v. Venezuela,2011,"Barbados - Venezuela, Bolivarian Republic of BIT (1994)",ICSID(AF),0,-2.0305,-2.0305,-1.067,-1.067,0.0945,0.0945,0,1,1,0,0,0,0,0,43.7,43.7,0.175,0.177,Upper middle income
Indorama v. Egypt,2011,Egypt - United Kingdom BIT (1975),ICSID(AF),0,-0.08299999999999999,-0.08299999999999999,0.774,0.774,NA,0.495,1,0,1,0,0,0,0,0,26.2,26.2,0.096,0.156,Lower middle income
Koch Minerals v. Venezuela,2011,"Switzerland - Venezuela, Bolivarian Republic of BIT (1993)",ICSID(AF),0,-2.0305,-2.0305,-1.067,-1.067,0.0945,0.0945,1,0,1,0,0,0,0,0,43.7,43.7,0.175,0.177,Upper middle income
Levy and Gremcitel v. Peru,2011,France - Peru BIT (1993),ICSID(AF),0,1.1295000000000002,1.1295000000000002,0.2465,0.2465,0.748,0.7295,1,0,0,0,0,0,0,0,41.2,41.2,0.639,0.606,Upper middle income
Longreef v. Venezuela,2011,"Netherlands - Venezuela, Bolivarian Republic of BIT (1991)",ICSID(AF),0,-2.0305,-2.0305,-1.067,-1.067,0.0945,0.0945,1,0,1,0,0,0,1,0,43.7,43.7,0.175,0.177,Upper middle income
OIEG v. Venezuela,2011,"Netherlands - Venezuela, Bolivarian Republic of BIT (1991)",ICSID(AF),0,-2.0305,-2.0305,-1.067,-1.067,0.0945,0.0945,1,0,1,0,0,0,1,0,43.7,43.7,0.175,0.177,Upper middle income
Shortt v. Venezuela,2011,"United Kingdom - Venezuela, Bolivarian Republic of BIT (1995)",ICSID(AF),0,-2.0305,-2.0305,-1.067,-1.067,0.0945,0.0945,1,1,1,0,0,0,0,0,43.7,43.7,0.175,0.177,Upper middle income
Tulip Real Estate v. Turkey,2011,Netherlands - Turkey BIT (1986),ICSID(AF),0,1.04,1.101,0.8135,1.1480000000000001,0.6715,0.702,1,0,0,0,0,0,0,1,27.9,27.3,0.419,0.458,Upper middle income
Vigotop v. Hungary,2011,Cyprus - Hungary BIT (1989),ICSID(AF),0,1.416,1.4585,1.319,1.319,0.737,0.7785,0,0,0,0,0,1,0,1,15,15,0.603,0.649,High income
World Callao v. Peru,2011,Peru - United Kingdom BIT (1993),ICSID(AF),0,1.1295000000000002,1.1295000000000002,0.2465,0.2465,0.748,0.7295,1,0,0,0,0,0,0,0,41.2,41.2,0.639,0.606,Upper middle income
Allard v. Barbados,2010,Barbados - Canada BIT (1996),UNCITRAL,1,2.0715,2.0715,1.7774999999999999,1.7774999999999999,0.8155,0.8145,1,0,0,0,1,1,1,0,NA,NA,0.672,0.666,High income
Border Timbers and others v. Zimbabwe,2010,Switzerland - Zimbabwe BIT (1996),ICSID(AF),0,0.5680000000000001,0.6025,-0.296,-0.7284999999999999,0.5005000000000001,0.444,1,1,1,0,0,0,0,0,32,32,0.178,0.159,Lower middle income
Bosca v. Lithuania,2010,Italy - Lithuania BIT (1994),UNCITRAL,1,2.1385,1.9264999999999999,1.9739999999999998,1.9739999999999998,0.946,0.9359999999999999,1,0,1,0,0,0,0,0,23.6,23.6,0.771,0.784,High income
British Caribbean Bank v. Belize,2010,Belize - United Kingdom BIT (1982),UNCITRAL,1,NA,NA,NA,NA,NA,NA,1,0,0,0,0,0,0,0,27.5,27.5,NA,NA,Upper middle income
Convial Callao v. Peru,2010,Argentina - Peru BIT (1994),ICSID(AF),0,1.1295000000000002,1.1335000000000002,0.2465,0.258,0.7295,0.748,0,0,0,0,0,0,0,0,41.2,41.2,0.606,0.578,Upper middle income
De Levi v. Peru,2010,France - Peru BIT (1993),ICSID(AF),0,1.1295000000000002,1.1335000000000002,0.2465,0.258,0.7295,0.748,1,0,0,0,0,0,0,0,41.2,41.2,0.606,0.578,Upper middle income
Dunkeld v. Belize (II),2010,Belize - United Kingdom BIT (1982),UNCITRAL,1,NA,NA,NA,NA,NA,NA,1,0,0,0,0,0,0,0,27.5,27.5,NA,NA,Upper middle income
Metal-Tech v. Uzbekistan,2010,Israel - Uzbekistan BIT (1994),ICSID(AF),0,-2.5355,-2.534,-2.7960000000000003,-2.7824999999999998,0.031,0.0265,1,0,1,0,0,0,0,0,20.5,20.5,0.035,0.036,Lower middle income
Philip Morris v. Uruguay,2010,Switzerland - Uruguay BIT (1988),ICSID(AF),0,1.7955,1.7955,2.1275,2.1275,0.9365,0.929,1,0,1,0,0,0,0,0,23.2,23.2,0.874,0.848,High income
SCB v. Tanzania,2010,United Republic of Tanzania - United Kingdom BIT (1994),ICSID(AF),0,0.529,0.529,0.6185,0.6185,0.7765,0.758,1,0,0,0,0,0,0,0,14.3,14.3,0.408,0.388,Low income
ST-AD v. Bulgaria,2010,Bulgaria - Germany BIT (1986),UNCITRAL,1,0.7755,0.992,1.7075,1.8205,0.865,0.8734999999999999,1,1,0,0,0,0,0,0,18.6,18.6,0.608,0.641,Upper middle income
Tidewater v. Venezuela,2010,"Barbados - Venezuela, Bolivarian Republic of BIT (1994)",ICSID(AF),0,-2.0305,-2.2545,-1.067,-1.067,0.0945,0.074,0,0,1,0,0,0,0,0,43.7,43.7,0.177,0.179,Upper middle income
Universal Compression v. Venezuela,2010,"Spain - Venezuela, Bolivarian Republic of BIT (1995)",ICSID(AF),0,-2.0305,-2.2545,-1.067,-1.067,0.0945,0.074,1,0,1,0,1,0,0,0,43.7,43.7,0.177,0.179,Upper middle income
Deutsche Bank v. Sri Lanka,2009,Germany - Sri Lanka BIT (2000),ICSID(AF),0,0.49650000000000005,0.49650000000000005,0.8535,0.8535,0.48650000000000004,0.48650000000000004,1,0,0,0,0,0,0,0,22.8,22.8,0.228,0.256,Upper middle income
Dunkeld v. Belize (I),2009,Belize - United Kingdom BIT (1982),UNCITRAL,1,NA,NA,NA,NA,NA,NA,1,0,0,0,0,0,0,0,27.5,27.5,NA,NA,Upper middle income
Globalnet v. Ecuador,2009,"Bolivia, Plurinational State of - Ecuador BIT (1995)",UNCITRAL,1,-1.4215,-1.1139999999999999,-0.8105,-0.8105,0.2525,0.2825,0,0,0,0,0,0,0,0,27.2,27.2,0.371,0.41,Upper middle income
Gold Reserve v. Venezuela,2009,"Canada - Venezuela, Bolivarian Republic of BIT (1996)",ICSID(AF),0,-2.2545,-2.2545,-1.067,-1.067,0.074,0.0705,1,0,1,0,1,0,1,0,43.7,43.7,0.179,0.164,Upper middle income
Iberdrola Energía v. Guatemala (I),2009,Guatemala - Spain BIT (2002),ICSID(AF),0,0.482,0.482,-0.0655,-0.0655,0.6595,0.6595,1,0,0,0,0,0,0,0,26.5,26.5,0.387,0.404,Upper middle income
ICS v. Argentina (I),2009,Argentina - United Kingdom BIT (1990),UNCITRAL,1,0.697,0.697,0.4105,0.4105,0.6875,0.6875,1,0,0,0,0,0,0,0,16.5,16.5,0.576,0.577,Upper middle income
Reinhard Unglaube v. Costa Rica,2009,Costa Rica - Germany BIT (1994),ICSID(AF),0,1.7149999999999999,1.6164999999999998,2.769,2.769,0.952,0.9515,1,0,0,0,0,0,0,0,24.3,24.3,0.863,0.866,Upper middle income
Servier v. Poland,2009,France - Poland BIT (1989),UNCITRAL,1,2.5895,2.5945,1.876,1.876,0.921,0.9245,1,0,1,0,0,1,0,1,19,19,0.815,0.828,High income
Teinver and others v. Argentina,2009,Argentina - Spain BIT (1991),ICSID(AF),0,0.697,0.697,0.4105,0.4105,0.6875,0.6875,1,0,0,0,0,0,0,0,16.5,16.5,0.576,0.577,Upper middle income
Achmea v. Slovakia (I),2008,Netherlands - Slovakia BIT (1991),UNCITRAL,1,1.519,1.7205,1.556,1.556,0.8714999999999999,0.867,1,0,0,0,0,0,0,1,26.3,26.3,0.75,0.766,High income
Ambiente Ufficio and others v. Argentina,2008,Argentina - Italy BIT (1990),ICSID(AF),0,0.697,0.697,0.4105,0.5700000000000001,0.6875,0.7124999999999999,1,0,0,0,0,0,0,0,16.5,16.5,0.577,0.618,Upper middle income
ATA Construction v. Jordan,2008,Jordan - Turkey BIT (1993),ICSID(AF),0,-0.8275,-0.8354999999999999,0.8440000000000001,0.8475,0.5640000000000001,0.565,1,0,0,0,0,0,0,0,31.2,31.2,0.202,0.196,Upper middle income
CEMEX v. Venezuela,2008,"Netherlands - Venezuela, Bolivarian Republic of BIT (1991)",ICSID(AF),0,-2.2545,-2.2545,-1.067,-1.067,0.0705,0.0705,1,0,1,0,0,0,1,0,43.7,43.7,0.164,0.17,Upper middle income
HICEE v. Slovakia,2008,Netherlands - Slovakia BIT (1991),UNCITRAL,1,1.519,1.7205,1.556,1.556,0.8714999999999999,0.867,1,0,0,0,0,0,0,1,26.3,26.3,0.75,0.766,High income
Intersema Bau v. Libya,2008,Libya - Switzerland BIT (2003),UNCITRAL,1,-1.5425,-1.5425,-1.852,-1.852,0.156,0.156,1,0,0,0,0,0,0,0,NA,NA,0.048,0.049,Upper middle income
Malicorp v. Egypt,2008,Egypt - United Kingdom BIT (1975),ICSID(AF),0,-0.08299999999999999,-0.08299999999999999,0.774,0.774,0.506,0.4965,1,1,0,0,0,0,0,0,26.2,26.2,0.153,0.152,Lower middle income
Marion Unglaube v. Costa Rica,2008,Costa Rica - Germany BIT (1994),ICSID(AF),0,1.6164999999999998,1.6164999999999998,2.769,2.769,0.9515,0.9515,1,0,0,0,0,0,0,0,24.3,24.3,0.866,0.87,Upper middle income
Millicom v. Senegal,2008,Netherlands - Senegal BIT (1979),ICSID(AF),0,0.05450000000000002,0.05450000000000002,0.4025,0.4025,0.6735,0.6735,1,1,0,0,0,0,0,0,26.5,26.5,0.515,0.533,Lower middle income
Participaciones v. Gabon,2008,BLEU (Belgium-Luxembourg Economic Union) - Gabon BIT (1998),ICSID(AF),0,0.051000000000000004,0.051000000000000004,-0.687,-0.687,0.366,0.355,1,1,0,0,0,0,0,0,34.3,34.3,0.214,0.219,Upper middle income
Quadrant Pacific v. Costa Rica,2008,Canada - Costa Rica BIT (1998),ICSID(AF),0,1.6164999999999998,1.6164999999999998,2.769,2.769,0.9515,0.9515,1,0,1,0,1,1,1,0,24.3,24.3,0.866,0.87,Upper middle income
TRACO v. Poland,2008,Germany - Poland BIT (1989),UNCITRAL,1,2.5945,2.582,1.876,1.8405,0.9245,0.923,1,0,1,0,0,1,0,1,19,19,0.828,0.788,High income
Abaclat and others v. Argentina,2007,Argentina - Italy BIT (1990),ICSID(AF),0,0.697,0.7455,0.5700000000000001,0.59,0.7124999999999999,0.7155,1,0,0,0,0,0,0,0,16.5,16.5,0.618,0.662,Upper middle income
Adria Beteiligungs v. Croatia,2007,Austria - Croatia BIT (1997),UNCITRAL,1,0.863,0.863,1.1575,1.1575,0.754,0.7310000000000001,1,0,0,0,0,0,0,0,12.3,12.3,0.661,0.609,High income
Alemanni and others v. Argentina,2007,Argentina - Italy BIT (1990),ICSID(AF),0,0.697,0.7455,0.5700000000000001,0.59,0.7124999999999999,0.7155,1,0,0,0,0,0,0,0,16.5,16.5,0.618,0.662,Upper middle income
Anderson v. Costa Rica,2007,Canada - Costa Rica BIT (1998),ICSID(AF),0,1.6164999999999998,1.6164999999999998,2.769,2.769,0.9515,0.9515,1,0,0,0,1,1,1,0,24.3,24.3,0.87,0.873,Upper middle income
Bureau Veritas v. Paraguay,2007,Netherlands - Paraguay BIT (1992),ICSID(AF),0,0.8400000000000001,0.875,0.3925,0.0815,0.716,0.6405000000000001,1,0,0,0,0,0,0,0,30,30,0.452,0.436,Upper middle income
ConocoPhillips v. Venezuela,2007,"Netherlands - Venezuela, Bolivarian Republic of BIT (1991)",ICSID(AF),0,-2.2545,-2.2545,-1.067,-1.067,0.0705,0.0705,1,0,1,0,0,0,1,0,43.7,43.7,0.17,0.188,Upper middle income
Frontier v. Czech Republic,2007,Canada - Czech Republic BIT (1990),UNCITRAL,1,1.9155,1.9204999999999999,1.641,1.6635,0.914,0.904,1,0,1,0,0,0,0,1,33.8,33.8,0.836,0.826,High income
Hamester v. Ghana,2007,Germany - Ghana BIT (1995),ICSID(AF),0,1.3014999999999999,1.5245000000000002,1.4325,1.4325,0.8425,0.8425,1,0,1,0,0,0,0,0,23,23,0.624,0.654,Lower middle income
HOCHTIEF v. Argentina,2007,Argentina - Germany BIT (1991),ICSID(AF),0,0.697,0.7455,0.5700000000000001,0.59,0.7124999999999999,0.7155,1,0,0,0,0,0,0,0,16.5,16.5,0.618,0.662,Upper middle income
Impregilo v. Argentina (I),2007,Argentina - Italy BIT (1990),ICSID(AF),0,0.697,0.7455,0.5700000000000001,0.59,0.7124999999999999,0.7155,1,0,0,0,0,0,0,0,16.5,16.5,0.618,0.662,Upper middle income
Invesmart v. Czech Republic,2007,Czech Republic - Netherlands BIT (1991),UNCITRAL,1,1.9155,1.9204999999999999,1.641,1.6635,0.914,0.904,1,0,0,0,0,0,0,1,33.8,33.8,0.836,0.826,High income
Saba Fakes v. Turkey,2007,Netherlands - Turkey BIT (1986),ICSID(AF),0,1.537,1.537,1.5055,1.5055,0.7295,0.73,1,0,0,0,0,0,0,1,27.3,27.3,0.523,0.54,Upper middle income
SGS v. Paraguay,2007,Paraguay - Switzerland BIT (1992),ICSID(AF),0,0.8400000000000001,0.875,0.3925,0.0815,0.716,0.6405000000000001,1,0,0,0,0,0,0,0,30,30,0.452,0.436,Upper middle income
Société Générale v. Dominican Republic,2007,Dominican Republic - France BIT (1999),UNCITRAL,1,-1.1015000000000001,-1.1015000000000001,0.225,0.225,0.35150000000000003,0.3205,1,0,0,0,0,0,0,0,40.9,40.9,0.39,0.388,Upper middle income
Toto v. Lebanon,2007,Italy - Lebanon BIT (1997),ICSID(AF),0,-0.14950000000000002,-0.15350000000000003,-1.1735000000000002,-1.1735000000000002,0.392,0.424,1,0,0,0,0,0,0,0,30.8,30.8,0.257,0.26,Upper middle income
Urbaser and CABB v. Argentina,2007,Argentina - Spain BIT (1991),ICSID(AF),0,0.697,0.7455,0.5700000000000001,0.59,0.7124999999999999,0.7155,1,0,0,0,0,0,0,0,16.5,16.5,0.618,0.662,Upper middle income
Nordzucker v. Poland,2006,Germany - Poland BIT (1989),UNCITRAL,1,2.582,2.582,1.8405,1.9245,0.9195,0.921,1,0,1,0,0,1,0,1,19,19,0.793,0.823,High income
Oostergetel v. Slovakia,2006,Netherlands - Slovakia BIT (1991),UNCITRAL,1,1.7205,1.7205,1.6480000000000001,1.6480000000000001,0.8755,0.8755,1,0,1,0,0,0,0,1,26.3,26.3,0.755,0.74,High income
Phoenix Action v. Czech Republic,2006,Czech Republic - Israel BIT (1997),ICSID(AF),0,1.9204999999999999,1.917,1.6635,1.658,0.904,0.902,1,0,0,0,0,0,0,1,33.8,34.3,0.826,0.821,High income
Quiborax v. Bolivia,2006,"Bolivia, Plurinational State of - Chile BIT (1994)",ICSID(AF),0,-0.3975,-0.3975,0.346,0.40049999999999997,0.48150000000000004,0.5795,0,0,1,0,0,0,0,0,25,25,0.512,0.515,Lower middle income
Romak v. Uzbekistan,2006,Switzerland - Uzbekistan BIT (1993),UNCITRAL,1,-2.5365,-2.5305,-2.7904999999999998,-2.7904999999999998,0.025,0.0225,1,0,1,0,0,0,0,0,22.2,22.2,0.033,0.035,Lower middle income
Shell v. Nicaragua,2006,Netherlands - Nicaragua BIT (2000),ICSID(AF),0,-1.7345,-0.887,-1.0905,-0.252,0.4435,0.585,1,1,1,0,0,0,0,0,26.8,26.8,0.386,0.439,Lower middle income
Vestey v. Venezuela,2006,"United Kingdom - Venezuela, Bolivarian Republic of BIT (1995)",ICSID(AF),0,-2.2545,-1.738,-1.067,-1.365,0.0705,0.0875,1,0,1,0,0,0,0,0,43.7,43.7,0.188,0.205,Upper middle income
Vivendi v. Poland,2006,France - Poland BIT (1989),UNCITRAL,1,2.582,2.582,1.8405,1.9245,0.9195,0.921,1,1,0,0,0,1,0,1,19,19,0.793,0.823,High income
